Spearman_rho,Spearman_p,Kendall_tau,Kendall_p
-0.04075300782421241,0.7128256106264661,-0.02842333864418388,0.7167867604128724
