,Banzhaf,Myerson,Owen-Data,Owen-Domain,Owen-Model,R-Myerson,SHAP
Banzhaf,1.0,0.5850221091070715,0.2480581597599728,0.00015618747992207638,0.30512547014178737,7.998651485596753e-08,0.0010623633644495367
Myerson,0.5850221091070715,1.0,0.9981386862378745,0.09141429641242349,0.9994778651345757,0.0006704731354564286,0.24805815975997314
Owen-Data,0.2480581597599728,0.9981386862378745,1.0,0.3051254701417877,0.9999998571306099,0.005873676037657982,0.585022109107072
Owen-Domain,0.00015618747992207638,0.09141429641242349,0.3051254701417877,1.0,0.24805815975997314,0.7920866867449554,0.9994778651345757
Owen-Model,0.30512547014178737,0.9994778651345757,0.9999998571306099,0.24805815975997314,1.0,0.003907957551356422,0.5106708205693644
R-Myerson,7.998651485596753e-08,0.0006704731354564286,0.005873676037657982,0.7920866867449554,0.003907957551356422,1.0,0.510670820569364
SHAP,0.0010623633644495367,0.24805815975997314,0.585022109107072,0.9994778651345757,0.5106708205693644,0.510670820569364,1.0
