Spearman_rho,Spearman_p,Kendall_tau,Kendall_p
0.03690277067039968,0.7389341110586546,0.028535091203901502,0.7120122067673208
