Spearman_rho,Spearman_p,Kendall_tau,Kendall_p
-0.1548693232985893,0.1595355949187695,-0.10422106541928271,0.18048506531322672
