Spearman_rho,Spearman_p,Kendall_tau,Kendall_p
-0.16671646968917264,0.1295912074981216,-0.11088636611470193,0.15418219112353798
