,Banzhaf,Myerson,Owen-Data,Owen-Domain,Owen-Model,R-Myerson,SHAP
Banzhaf,1.0,0.9449086246884447,0.011916321976932709,0.040096466944737785,0.9888953312578365,1.848274835003494e-05,0.9449086246884446
Myerson,0.9449086246884447,1.0,0.00018131270893362306,0.0009527715723312014,0.9999579468471129,5.518844159446701e-08,0.3652888132607731
Owen-Data,0.011916321976932709,0.00018131270893362306,1.0,0.9997729547393781,0.0006383307475312794,0.7378437888373469,0.21478267777786786
Owen-Domain,0.040096466944737785,0.0009527715723312014,0.9997729547393781,1.0,0.0029883395824067405,0.48705524200424044,0.4246385089445778
Owen-Model,0.9888953312578365,0.9999579468471129,0.0006383307475312794,0.0029883395824067405,1.0,2.9965082670724286e-07,0.5511935275305229
R-Myerson,1.848274835003494e-05,5.518844159446701e-08,0.7378437888373469,0.48705524200424044,2.9965082670724286e-07,1.0,0.0020617164852475556
SHAP,0.9449086246884446,0.3652888132607731,0.21478267777786786,0.4246385089445778,0.5511935275305229,0.0020617164852475556,1.0
