,Banzhaf,Myerson,Owen-Data,Owen-Domain,Owen-Model,R-Myerson,SHAP
Banzhaf,1.0,0.6782701475012056,0.052813669438446564,0.1413291177240117,0.7378437888373468,0.00018131270893362306,0.9991769743896434
Myerson,0.6782701475012056,1.0,0.0001169715722022513,0.0006383307475312794,0.9999999396116281,3.0852118304558473e-08,0.36528881326077367
Owen-Data,0.052813669438446564,0.0001169715722022513,1.0,0.9997729547393781,0.00018131270893362306,0.7378437888373469,0.17533118428870564
Owen-Domain,0.1413291177240117,0.0006383307475312794,0.9997729547393781,1.0,0.0009527715723312014,0.48705524200424044,0.36528881326077367
Owen-Model,0.7378437888373468,0.9999999396116281,0.00018131270893362306,0.0009527715723312014,1.0,5.518844159446701e-08,0.424638508944577
R-Myerson,0.00018131270893362306,3.0852118304558473e-08,0.7378437888373469,0.48705524200424044,5.518844159446701e-08,1.0,0.001408419185948473
SHAP,0.9991769743896434,0.36528881326077367,0.17533118428870564,0.36528881326077367,0.424638508944577,0.001408419185948473,1.0
