,Banzhaf,Myerson,Owen-Data,Owen-Domain,Owen-Model,R-Myerson,SHAP
Banzhaf,1.0,0.9999579468471129,7.476771680237082e-05,0.040096466944737785,0.9999579468471129,2.9718968443281923e-05,0.8414506043206311
Myerson,0.9999579468471129,1.0,1.848274835003494e-05,0.016405118847434785,1.0,6.957896005577169e-06,0.6782701475012058
Owen-Data,7.476771680237082e-05,1.848274835003494e-05,1.0,0.6782701475012056,1.848274835003494e-05,0.9999962010268483,0.016405118847434785
Owen-Domain,0.040096466944737785,0.016405118847434785,0.6782701475012056,1.0,0.016405118847434785,0.5511935275305232,0.6154924735671988
Owen-Model,0.9999579468471129,1.0,1.848274835003494e-05,0.016405118847434785,1.0,6.957896005577169e-06,0.6782701475012058
R-Myerson,2.9718968443281923e-05,6.957896005577169e-06,0.9999962010268483,0.5511935275305232,6.957896005577169e-06,1.0,0.008564480255145668
SHAP,0.8414506043206311,0.6782701475012058,0.016405118847434785,0.6154924735671988,0.6782701475012058,0.008564480255145668,1.0
