Spearman_rho,Spearman_p,Kendall_tau,Kendall_p
-0.05569577735975695,0.6148219490562581,-0.04125968512865402,0.5984838441203427
