,Banzhaf,Myerson,Owen-Data,Owen-Domain,Owen-Model,R-Myerson,SHAP
Banzhaf,1.0,0.9177741185273567,8.857508786430657e-07,0.0020617164852475556,0.9976901619146414,2.9965082670724286e-07,0.17533118428870564
Myerson,0.9177741185273567,1.0,0.00027843748764222465,0.08848962556351747,0.9976901619146414,0.0001169715722022513,0.8414506043206311
Owen-Data,8.857508786430657e-07,0.00027843748764222465,1.0,0.6782701475012056,1.848274835003494e-05,0.9999962010268483,0.040096466944737785
Owen-Domain,0.0020617164852475556,0.08848962556351747,0.6782701475012056,1.0,0.016405118847434785,0.5511935275305232,0.7926644975408463
Owen-Model,0.9976901619146414,0.9976901619146414,1.848274835003494e-05,0.016405118847434785,1.0,6.957896005577169e-06,0.4870552420042408
R-Myerson,2.9965082670724286e-07,0.0001169715722022513,0.9999962010268483,0.5511935275305232,6.957896005577169e-06,1.0,0.022342846723211518
SHAP,0.17533118428870564,0.8414506043206311,0.040096466944737785,0.7926644975408463,0.4870552420042408,0.022342846723211518,1.0
