,Banzhaf,Myerson,Owen-Data,Owen-Domain,Owen-Model,R-Myerson,SHAP
Banzhaf,1.0,0.12028035697878647,0.15569519072563975,1.882675820419344e-05,0.8943640994756986,7.998651485596753e-08,0.008708044138862503
Myerson,0.12028035697878647,1.0,0.9999998571306099,0.2480581597599728,0.7920866867449556,0.018351964665553777,0.976583776101537
Owen-Data,0.15569519072563975,0.9999998571306099,1.0,0.19820230777094228,0.847902153056476,0.012731538657491437,0.9580056285289044
Owen-Domain,1.882675820419344e-05,0.2480581597599728,0.19820230777094228,1.0,0.003907957551356422,0.9580056285289044,0.7920866867449554
Owen-Model,0.8943640994756986,0.7920866867449556,0.847902153056476,0.003907957551356422,1.0,5.556635877079774e-05,0.24805815975997314
R-Myerson,7.998651485596753e-08,0.018351964665553777,0.012731538657491437,0.9580056285289044,5.556635877079774e-05,1.0,0.19820230777094228
SHAP,0.008708044138862503,0.976583776101537,0.9580056285289044,0.7920866867449554,0.24805815975997314,0.19820230777094228,1.0
