Spearman_rho,Spearman_p,Kendall_tau,Kendall_p
-0.06718014042893224,0.5437335254730415,-0.0465572540695235,0.5469707994673958
