Spearman_rho,Spearman_p,Kendall_tau,Kendall_p
-0.09396670755648105,0.3952149819320605,-0.0615757231242085,0.4256847724656527
