,Banzhaf,Myerson,Owen-Data,Owen-Domain,Owen-Model,R-Myerson,SHAP
Banzhaf,1.0,0.8414506043206311,1.5027802741096608e-06,0.006091517576217842,0.8833014872787894,1.4766575739955101e-09,0.0029883395824067405
Myerson,0.8414506043206311,1.0,0.0009527715723312014,0.25975391932584246,0.9999999396116281,4.2120149215119085e-06,0.17533118428870564
Owen-Data,1.5027802741096608e-06,0.0009527715723312014,1.0,0.5511935275305232,0.0006383307475312794,0.9177741185273568,0.6782701475012056
Owen-Domain,0.006091517576217842,0.25975391932584246,0.5511935275305232,1.0,0.21478267777786786,0.052813669438446564,0.9999962010268483
Owen-Model,0.8833014872787894,0.9999999396116281,0.0006383307475312794,0.21478267777786786,1.0,2.5271153757389087e-06,0.1413291177240117
R-Myerson,1.4766575739955101e-09,4.2120149215119085e-06,0.9177741185273568,0.052813669438446564,2.5271153757389087e-06,1.0,0.08848962556351736
SHAP,0.0029883395824067405,0.17533118428870564,0.6782701475012056,0.9999962010268483,0.1413291177240117,0.08848962556351736,1.0
